,importance
Attendance,2.54887808306995
Hours_Studied,1.953774488497621
Previous_Scores,0.518787743419528
Parental_Involvement,0.4835515245898188
Access_to_Resources,0.4530779366849341
Tutoring_Sessions,0.39073394865613886
Peer_Influence,0.15674799639663037
Teacher_Quality,0.10560988865467884
Motivation_Num,0.09286454324401454
Internet_Access,0.08300708546461733
Extracurricular_Activities,0.07165745929540486
Physical_Activity,0.043415827856526826
Motivation_Level,0.00524385000490224
Prior_x_Effort,0.0030165007908953046
Engagement_Index,0.002585096471778048
Sleep_Hours,0.00016024703100254724
Sleep_Deficit,2.6674087501787902e-05
