Model,train_RMSE,test_RMSE,train_F1,test_F1,overfit_gap
Linear Regression,0.9111437988118133,1.8964222626954774,,,0.9852784638836641
Ridge,0.9111438001835974,1.896420302313684,,,0.9852765021300867
Gradient Boosting,0.9063924517039095,1.9285670419909662,,,1.0221745902870567
Random Forest,0.5615512142088163,2.06641562855506,,,1.504864414346244
Baseline (mean),3.3643918256206824,3.689948862489308,,,0.3255570368686258
Logistic Regression,,,0.8801932797890927,0.8669368492565367,0.013256430532555985
Gradient Boosting,,,0.8826242469279769,0.8328277594878338,0.04979648744014309
Random Forest,,,0.9885753293697602,0.8152712689424749,0.1733040604272853
Baseline (majority),,,0.22619494103429594,0.2262202232217225,-2.5282187426561853e-05
